{"branches": 27.627627627627625, "coverage": 47.084896010910334}