{"branches": 27.627627627627625, "coverage": 47.07492302429011}