{"branches": 27.627627627627625, "coverage": 47.44775608084961}