{"branches": 27.627627627627625, "coverage": 49.239607975667454}